entropy_bin,recall,precision_mean,precision_world_sd
0.1,0.1,0.9702122265681588,0.08425254636041364
0.1,0.3,0.9670170861843624,0.06229654329098268
0.1,0.5,0.9623947651258883,0.06704723359733504
0.1,0.7,0.9246033967166208,0.12535082849679735
0.3,0.1,0.9623676602642776,0.07448191833509192
0.3,0.3,0.9588831040314658,0.07955870132485342
0.3,0.5,0.9516343664592871,0.09000107584031154
0.3,0.7,0.930617149427571,0.09452684085782882
0.5,0.1,0.8466214815288597,0.13052327604221034
0.5,0.3,0.7936029802679179,0.11791447691618838
0.5,0.5,0.7493656666737412,0.10783114486424832
0.5,0.7,0.6675956118117592,0.07708777574020033
0.7,0.1,0.8070108588135277,0.14783296458295778
0.7,0.3,0.7367166710696684,0.12393287483880552
0.7,0.5,0.6822885029534791,0.11045875766278618
0.7,0.7,0.6322742464149778,0.08911189610839582
0.9,0.1,0.6076652790677253,0.06270448049505412
0.9,0.3,0.5886834974982015,0.05445599561121702
0.9,0.5,0.5739870970381948,0.06327580382575565
0.9,0.7,0.5559523739322507,0.06490566829703522
