sampler_version,entropy_bin,recall,worlds,distinct_precision_mean,distinct_world_sd,distinct_mean_se,self_precision_mean,self_world_sd,self_mean_se,within_world_change_percentage_points,within_world_change_sd,within_world_change_se
after-fixes,0.1,0.1,8,0.9702122265681588,0.08425254636041364,0.029787773431841226,0.9881513926325247,0.033512922468634646,0.011848607367475285,1.793916606436595,0.050739623891779,0.017939166064365946
after-fixes,0.1,0.3,8,0.9670170861843624,0.06229654329098268,0.022025154102767584,0.9754246006080791,0.05336007545478092,0.018865635599350717,0.8407514423716691,0.0121045730962896,0.0042796128598773095
after-fixes,0.1,0.5,8,0.9623947651258883,0.06704723359733504,0.02370477676823706,0.9678882537389866,0.05874962443190917,0.02077112891398292,0.5493488613098299,0.008430457695521679,0.0029806169025048466
after-fixes,0.1,0.6,8,0.9336382254503038,0.13727070465302205,0.04853252305920382,0.9623571623048071,0.06763162188193747,0.023911389227681237,2.8718936854503148,0.07125054441737678,0.025190871560380215
after-fixes,0.1,0.7,8,0.9246033967166208,0.12535082849679735,0.04431821042871866,0.9317557252736544,0.11939777374732324,0.0422134877376547,0.7152328557033418,0.007518472725559842,0.0026581815242047342
after-fixes,0.1,0.9,8,0.8701487652069784,0.15499674037741543,0.0547996230913406,0.8775844761276581,0.14732211677796966,0.05208623389622939,0.7435710920679767,0.008043877076363283,0.002843940013863749
after-fixes,0.3,0.1,8,0.9623676602642776,0.07448191833509192,0.02633333476526307,0.9899339048478608,0.024752112652876287,0.008751193352771082,2.7566244583583255,0.05288336898042429,0.018697094409024166
after-fixes,0.3,0.3,8,0.9588831040314658,0.07955870132485342,0.028128248604599504,0.9681046415085738,0.0628371372059509,0.022216282914338692,0.9221537477107953,0.017168256268089665,0.006069895214157325
after-fixes,0.3,0.5,8,0.9516343664592871,0.09000107584031154,0.03182018552038452,0.9576447232439274,0.08113393465800015,0.028685177690509076,0.6010356784640319,0.008968784862924144,0.003170944297788461
after-fixes,0.3,0.6,8,0.9488311652517878,0.08909085937435463,0.03149837540267163,0.9540141675230736,0.08157036283794245,0.028839478353278127,0.5183002271285764,0.007697178835441788,0.00272136367527323
after-fixes,0.3,0.7,8,0.930617149427571,0.09452684085782882,0.03342028508735618,0.9394037846677512,0.08886047945006666,0.03141692379931499,0.8786635240180154,0.009322882638518847,0.0032961367669515043
after-fixes,0.3,0.9,8,0.8435094439897276,0.11228996656600752,0.03970049840901731,0.8592623707306203,0.10646013837613956,0.03763934288591324,1.5752926740892668,0.016373345823486894,0.005788851931250009
after-fixes,0.5,0.1,8,0.8466214815288597,0.13052327604221034,0.04614694679606528,0.9462770768894019,0.06718909619728851,0.023754932771448987,9.965559536054228,0.07359556652626834,0.02601996207799501
after-fixes,0.5,0.3,8,0.7936029802679179,0.11791447691618838,0.04168906311375071,0.8362300459415157,0.1077443142484532,0.038093367619687804,4.262706567359794,0.014843935668348865,0.005248123785293174
after-fixes,0.5,0.5,8,0.7493656666737412,0.10783114486424832,0.038124066878309465,0.7780977475125916,0.10346021162984063,0.03657870861322781,2.873208083885058,0.009984301260208479,0.0035299835632514034
after-fixes,0.5,0.6,8,0.7230880678113778,0.09777782251984651,0.03456968067671909,0.7532113882090252,0.09876789003138733,0.03491972240234059,3.012332039764745,0.01057974535474696,0.0037405048417842256
after-fixes,0.5,0.7,8,0.6675956118117592,0.07708777574020033,0.02725464448624174,0.7057228975054657,0.08401686033435338,0.029704445838212166,3.8127285693706576,0.014737290434440144,0.005210419001254133
after-fixes,0.5,0.9,8,0.5765425121908777,0.04880643460470244,0.01725568043726143,0.5977148240019995,0.04716505758231961,0.016675366025756092,2.1172311811121705,0.005849417125480614,0.002068081257708032
after-fixes,0.7,0.1,8,0.8070108588135277,0.14783296458295778,0.052266845869760076,0.9126662226900641,0.09540449186324104,0.033730581576077265,10.565536387653637,0.061846409929212115,0.021866007926494454
after-fixes,0.7,0.3,8,0.7367166710696684,0.12393287483880552,0.043816888105231516,0.7861880535964964,0.11436364792528894,0.04043365548460132,4.947138252682793,0.015782595266802774,0.005579990068939475
after-fixes,0.7,0.5,8,0.6822885029534791,0.11045875766278618,0.03905306829239881,0.7191440099941623,0.10159557836998351,0.03591946120199233,3.6855507040683175,0.012399563884903854,0.004383907853385663
after-fixes,0.7,0.6,8,0.6542370056039919,0.0944721391703886,0.033400945120290515,0.6856630042494787,0.0969895705414295,0.0342909915171079,3.1425998645486826,0.010831625716333565,0.003829557997647029
after-fixes,0.7,0.7,8,0.6322742464149778,0.08911189610839582,0.0315058130113189,0.6588041790945844,0.08597779086675096,0.030397739476659205,2.6529932679606723,0.004957098710421999,0.0017525990565752426
after-fixes,0.7,0.9,8,0.5687666622507798,0.057191764640057624,0.020220342302504874,0.5888503050248517,0.05762223253910646,0.020372535687755156,2.008364277407192,0.004303386637010717,0.0015214769365489247
after-fixes,0.9,0.1,8,0.6076652790677253,0.06270448049505412,0.022169381684416182,0.8322533594135797,0.06904049548174115,0.02440950126580918,22.458808034585438,0.04278776351929344,0.015127758868149382
after-fixes,0.9,0.3,8,0.5886834974982015,0.05445599561121702,0.019253101886478212,0.6424985405619842,0.04706484269156421,0.016639934711341585,5.381504306378269,0.012057532721083522,0.004262981575728421
after-fixes,0.9,0.5,8,0.5739870970381948,0.06327580382575565,0.022371374985110753,0.6118265163319508,0.058981358173486126,0.02085305916403232,3.7839419293756027,0.006178052813976275,0.002184271519645628
after-fixes,0.9,0.6,8,0.5660865544736318,0.07322588737927113,0.02588926076214252,0.5958586369616208,0.06951549689908063,0.02457743962744616,2.977208248798905,0.006468845739961035,0.0022870823445880787
after-fixes,0.9,0.7,8,0.5559523739322507,0.06490566829703522,0.022947619095139156,0.5826690680854407,0.06752029925780241,0.023872030736468545,2.6716694153190077,0.005282220014667487,0.001867546796045342
after-fixes,0.9,0.9,8,0.515833160686208,0.01693901020777395,0.005988844492252555,0.5354437349404622,0.01767365759173849,0.006248581565743696,1.9610574254254172,0.0013010470413822152,0.0004599895928020295
