path	physical_lines	bytes	sha256
experiments/nyt-beta-0p001-coverage-2026-09-14/scripts/evaluation_grade_021_025.mjs	8	3777	4f0458e85701bbe9afaef1f50269b9c2f1b650ad584f1da932980366d6df5925
experiments/nyt-beta-0p001-coverage-2026-09-14/scripts/evaluation_grade_026_030.mjs	7	3175	d3cb2b0d7754e7efc2c506198152faa84bca227e188869aeb60a1f0b1068a050
experiments/nyt-beta-0p001-coverage-2026-09-14/scripts/evaluation_grade_031_035.mjs	7	2604	af428744343d07b9c5000ab2f3e55f4fc99b46577f4d86609356790f7008203e
experiments/nyt-beta-0p001-coverage-2026-09-14/scripts/evaluation_grade_036_040.mjs	7	2575	9f50f5a2f7a6f6fccc2aeebb785b4190f9c5d1427d4d4b4fb833c594b6504bf1
experiments/nyt-beta-0p001-coverage-2026-09-14/scripts/evaluation_grade_041_045.mjs	7	3281	d475ddc79b91fe41aef50f1d75973950a38ab7d5460ef34730072b08419167d4
experiments/nyt-beta-0p001-coverage-2026-09-14/scripts/evaluation_grade_046_050.mjs	7	2050	6211bd4a2607979ac0f405de11154c44aebc617007eae2f56f03706205a39ffb
experiments/nyt-beta-0p001-coverage-2026-09-14/scripts/evaluation_grade_051_055.mjs	7	3481	f58b2f502c30adb78c04c2d3f5c5aee441a25b7d38a75d3ccede61e9890bb89a
experiments/nyt-beta-0p001-coverage-2026-09-14/scripts/evaluation_grade_056_060.mjs	7	2436	ca592bb99dbe1bb46cfbfb839872a2f885fcb2e432694bd093849ae7b5c737cd
experiments/nyt-beta-0p001-coverage-2026-09-14/scripts/evaluation_grade_061_065.mjs	8	3749	9b931369a05fefb66946a46ae9c99e30a5d4a472f95877353fe3632b90bd4aa4
experiments/nyt-beta-0p001-coverage-2026-09-14/scripts/evaluation_grade_066_070.mjs	8	2753	bbe89c3eab81b71a073831274127fca3daa3c52e86a09a317925dbe481965545
experiments/nyt-beta-0p001-coverage-2026-09-14/scripts/evaluation_grade_071_074.mjs	7	2453	10116adac799821f429a9f5ac76234f22bc7f8cf1cca9cd666ead8eb3dd8f444
experiments/nyt-beta-0p001-coverage-2026-09-14/scripts/evaluation_grade_075.mjs	2	788	1b02c783708ebc97ecd82655702e2b39cd50e9311608dd3bf0de64af5eb07fba
experiments/nyt-beta-0p001-coverage-2026-09-14/scripts/evaluation_grade_076_080.mjs	8	2126	2113bca8afbae8157a2c2feda0bb0265d2c5987e94d7f73a36d8f802e453c5b8
experiments/nyt-beta-0p001-coverage-2026-09-14/scripts/evaluation_grade_081_085.mjs	7	2071	402f0526abb1dc999511d6d10ded41c708c2f3bce24b759596f366e837f318ac
experiments/nyt-beta-0p001-coverage-2026-09-14/scripts/evaluation_grade_086_090.mjs	7	3440	17ef03a16c2cd94281f1960321506e328a14489545c3ad5caba71d50f9497549
experiments/nyt-beta-0p001-coverage-2026-09-14/scripts/evaluation_grade_091_095.mjs	6	2150	36ef20e7a9d9d506743830f783372eb77ac62962179e4384b53f085f26246aaf
experiments/nyt-beta-0p001-coverage-2026-09-14/scripts/evaluation_grade_096_100.mjs	6	2416	4e3127ad85679fd0606c68c93e4567a982bd0dbdb3031c8e56617d2f4dfabe8a
experiments/nyt-beta-0p001-coverage-2026-09-14/scripts/evaluation_grade_101_105.mjs	6	2971	fb06cfe8911df37032fa6545ca596c8b30232254146322382df06d5cfb3ce171
experiments/nyt-beta-0p001-coverage-2026-09-14/scripts/evaluation_grade_106_110.mjs	6	2780	7f4e9f6e78508ea031029be08a1ab53376e442510c0645c6516d8ad326b1639d
experiments/nyt-beta-0p001-coverage-2026-09-14/scripts/evaluation_grade_111_115.mjs	6	1980	0c08289cd6c978fb628693a11446a99d9e417c95ceedcb458ea72a466642c0f1
experiments/nyt-beta-0p001-coverage-2026-09-14/scripts/evaluation_grade_116_120.mjs	6	1481	9e8e6d98df359b1436f4d88e163d93670e6244cef81ee9438273e2fdc349c9e7
experiments/nyt-beta-0p001-coverage-2026-09-14/scripts/evaluation_grade_121_125.mjs	6	1851	91659a5bb22c72d6a918a2716ffdb08b8fc7d1f21faf26f65223951faa8e9fcc
experiments/nyt-beta-0p001-coverage-2026-09-14/scripts/evaluation_grade_126_130.mjs	6	2087	70f5ea8483d4a1e472a0245b308a2536d215cd18f30bf3784aa6da789f136af5
experiments/nyt-beta-0p001-coverage-2026-09-14/scripts/evaluation_grade_131_135.mjs	6	2321	b13ad6ae595b3e7a2a3b003e4117cb2ee6473ea8dd3e0319078f06a7eaaceb10
experiments/nyt-beta-0p001-coverage-2026-09-14/scripts/evaluation_grade_136_140.mjs	6	2689	f0ce16cf6d1c2cfa7bafe5dd0f5c5b74e60e0980e28fb0144de14b6dbe68d2ef
experiments/nyt-beta-0p001-coverage-2026-09-14/scripts/evaluation_grade_141_145.mjs	6	1781	611f6ac2e490889b57ffede5647db392ad1c4e3ecdfca112a42acd8723375404
experiments/nyt-beta-0p001-coverage-2026-09-14/scripts/evaluation_grade_146_150.mjs	6	2613	0cd4fae08b450b536b46cd686dfb0a07bb1e7f96562633ef108321b27f91e12e
experiments/nyt-beta-0p001-coverage-2026-09-14/scripts/evaluation_grade_151_155.mjs	6	1538	948ec5fa84ff3648888a122037aba432a0200043eb7860e94f1dbe482cf1f2aa
experiments/nyt-beta-0p001-coverage-2026-09-14/scripts/evaluation_grade_156_160.mjs	6	1866	4a38c530292c2be5f3ab49a630119d89ec2c8a42417707ba71c6d16f5842cb83
experiments/nyt-beta-0p001-coverage-2026-09-14/scripts/kernel_grade_021_025.mjs	7	2107	28a6c657eafeb2bcdc4da4d8a48f87c65e6d28f91fd41a23fd6aa2a94f7a50fd
experiments/nyt-beta-0p001-coverage-2026-09-14/scripts/kernel_grade_026_030.mjs	7	2445	0157216daae015bb8bc17e56349cfc352ddd79dacde13cd9f4306b84bbd98ccf
experiments/nyt-beta-0p001-coverage-2026-09-14/scripts/kernel_grade_031_035.mjs	7	2098	4b4251e0df92bb86de6948785b4d7cad52455cc32816554544d954bc2edb7f3d
experiments/nyt-beta-0p001-coverage-2026-09-14/scripts/kernel_grade_036_040.mjs	7	1646	859cfb13c08cb09a430895376d13d4e53dcfe21e3c576494e06f706892a54c05
experiments/nyt-beta-0p001-coverage-2026-09-14/scripts/kernel_grade_041_045.mjs	7	2127	8355ee36d0056ebf0d115343e9f33c605ace1724ee0a57964bfafc0a363db2a0
experiments/nyt-beta-0p001-coverage-2026-09-14/scripts/kernel_grade_046_050.mjs	7	1888	3c8f60c51d6ebf6b8880180639ca0c34ef20c0a994596c4c13c98700f4719848
experiments/nyt-beta-0p001-coverage-2026-09-14/scripts/kernel_grade_051_055.mjs	6	1013	6f850850b556abac3e952768e13a012aa7d0bdcb2ce75afecbfd0aa773b51b84
experiments/nyt-beta-0p001-coverage-2026-09-14/scripts/kernel_grade_056_060.mjs	7	1848	c1c40944cae300b50c2cbe996bc359cd71d90b7cce3daeb83a2c986af0c429b6
experiments/nyt-beta-0p001-coverage-2026-09-14/scripts/kernel_grade_061_065.mjs	7	1828	ab76f2c477018d2fd6da56abdc0f3032e09d2e8bf654f3d0369d31b3b0cc194e
experiments/nyt-beta-0p001-coverage-2026-09-14/scripts/kernel_grade_066_070.mjs	6	1374	766b7234f4e6b67121377484d5c5e78e1c88c149f0a4b1fd3e6e62afe7de7e24
experiments/nyt-beta-0p001-coverage-2026-09-14/scripts/kernel_grade_071_075.mjs	8	1789	98672a102369df3fc40e2b6584181a07719792378ba1dbfab729c3dc99c98398
experiments/nyt-beta-0p001-coverage-2026-09-14/scripts/kernel_grade_076_080.mjs	7	1861	53fc8c0c852fd6a8c1cf25a92bdbf545c9d6357e2120672d299115e0a9419937
experiments/nyt-beta-0p001-coverage-2026-09-14/scripts/kernel_grade_081_085.mjs	7	1963	739f99ced8454a8bb92246303af49c8a872f036eb2975db1e8731c32bfbf63a7
experiments/nyt-beta-0p001-coverage-2026-09-14/scripts/kernel_grade_086_090.mjs	7	2045	44372b151b1bccaeb94e4f37783f6e00b14c2d8d293f16c74b96722e176167f4
experiments/nyt-beta-0p001-coverage-2026-09-14/scripts/kernel_grade_091_095.mjs	7	1867	d281774c4f8d1d5077d60308a344a5452b3cd5c2356e9a7286c010d1319479ec
experiments/nyt-beta-0p001-coverage-2026-09-14/scripts/kernel_grade_096_100.mjs	7	1751	e1b3fbac83ed9c19642673cf16cac5a63043c16bbe82c3e9bab7caede5492c2e
experiments/nyt-beta-0p001-coverage-2026-09-14/scripts/kernel_grade_101_105.mjs	7	2071	9308f5c1a80784acdb561b18e084d5330120ef3e016493684956aea6a96254f4
experiments/nyt-beta-0p001-coverage-2026-09-14/scripts/kernel_grade_106_110.mjs	7	1809	2c88dd709f06d9ee9e5740f4528e8a102e46e538de9b5f21e894fee6e9fb37bb
experiments/nyt-beta-0p001-coverage-2026-09-14/scripts/kernel_grade_111_115.mjs	7	1555	7ba01f83134ccf0b335670dafeb884b74c9c8d9f99e119b8024cea7c55c8ca9b
experiments/nyt-beta-0p001-coverage-2026-09-14/scripts/kernel_grade_116_120.mjs	7	1521	5c034dfd0dd594063efeaeadfaee71485bfc745d16a578db6eec465c0471bca7
experiments/nyt-beta-0p001-coverage-2026-09-14/scripts/kernel_grade_121_125.mjs	7	1808	cf7687db66f5d58554bcf78a139109949e4ed974251a8c37246efd0b560d1f42
experiments/nyt-beta-0p001-coverage-2026-09-14/scripts/kernel_grade_126_130.mjs	7	1779	f71901f2dc01128cd1515ae302b182dab3cd67bfab3c28a81422c75bf20ca3d6
experiments/nyt-beta-0p001-coverage-2026-09-14/scripts/kernel_grade_131_135.mjs	7	1315	19046681edfa2347e092f65a4a970d9e7eefeb79e42735456637833df2ebaa07
experiments/nyt-beta-0p001-coverage-2026-09-14/scripts/kernel_grade_136_140.mjs	7	1332	c236f02af9ffb2f618014c37f77e4dde6b3efaeb09f992ca838321c122a392fb
experiments/nyt-beta-0p001-coverage-2026-09-14/scripts/kernel_grade_141_145.mjs	7	1683	1df29e9d607fcda48345f90c96bf50f6917557f11ac999c6e3e515e7bdff5716
experiments/nyt-beta-0p001-coverage-2026-09-14/scripts/kernel_grade_146_166_170_182.mjs	9	2108	1531135691d3061216ce1830d7379e476c4ec480a3fb7c65c2c4111df401d429
experiments/nyt-beta-0p001-coverage-2026-09-14/scripts/kernel_grade_147_150.mjs	6	1519	3d3467902dda8cf727e96fc1fef85d6fd6b50a7aa28cfaad4ad19a57a4039f0c
experiments/nyt-beta-0p001-coverage-2026-09-14/scripts/kernel_grade_151_155.mjs	7	1434	13c4d4db70508c9a367ffb896bb3295783cb4e5a39c858916e1bccb38c7c7197
experiments/nyt-beta-0p001-coverage-2026-09-14/scripts/kernel_grade_156_160.mjs	7	1762	fac1dbbdb087c1310f735987344a4510b354c2e863f414a8ff915ae5fa0c05aa
experiments/nyt-beta-0p001-coverage-2026-09-14/scripts/kernel_grade_161_165.mjs	7	2580	8af179e91e95c8f6c000dd87c65b464a396cba8f88625b5364d56f9981b04285
experiments/nyt-beta-0p001-coverage-2026-09-14/scripts/kernel_grade_171_175.mjs	7	1519	e11149f6c4b31a110a4eed9a3fae3774d309f880fe937e320eb84f7a3798e164
experiments/nyt-beta-0p001-coverage-2026-09-14/scripts/kernel_grade_176_180.mjs	7	1274	e0e3af86e80a2060239b167f49b968aca1ae6c8db44b59cba19ad1e2e7dce625
experiments/nyt-beta-0p001-coverage-2026-09-14/scripts/kernel_grade_181_185.mjs	6	1086	6f39b04560138c8e676196110c3d9d8a07770416c195161e3c59b0acf1a72d17
experiments/nyt-beta-0p001-coverage-2026-09-14/scripts/kernel_grade_186_190.mjs	7	1177	d3c72b3ff042e5bf040a605b101a0d412bf4ffd5f71c91b8033661a0dd0473b4
experiments/nyt-beta-0p001-coverage-2026-09-14/scripts/kernel_grade_191_195.mjs	7	2227	9d59038bb7ff949206c7193a0f58c03363394872e9530e5b9fbab1bed57296da
experiments/nyt-beta-0p001-coverage-2026-09-14/scripts/kernel_grade_196_200.mjs	7	1395	5fd59261707102ae1bf5bcf4d1e6f14cdc2d92406e2c3bedda2c56f40657b42f
experiments/nyt-beta-0p001-coverage-2026-09-14/scripts/kernel_grade_201_205.mjs	7	1543	5d06382798f97167fb768d649acb3f5df9bbcf750eaf10e4346e2c9a0cb40810
experiments/nyt-beta-0p001-coverage-2026-09-14/scripts/kernel_grade_206_210.mjs	7	1118	a676e3a7bec26d406c6329bfb0e86df001a5ed6ed7f2b1c79c7b1112924f3be9
experiments/nyt-beta-0p001-coverage-2026-09-14/scripts/kernel_grade_211_215_partial.mjs	6	1177	2feec11511de69d8fbb08b93221ca29f46944d02484cef20d982ba150d61da4f
experiments/nyt-beta-0p001-coverage-2026-09-14/scripts/kernel_grade_213_216_223_224.mjs	6	1297	75aa87cfd98768a82cb26f47ab97417f386c5f94a59f87ac28531c836d142d36
experiments/nyt-beta-0p001-coverage-2026-09-14/scripts/kernel_grade_217_220.mjs	6	1512	c31e3f02a6815e2ea6b3fa134521634e4945593557e13feecb0056c16f526d0c
experiments/nyt-beta-0p001-coverage-2026-09-14/scripts/kernel_grade_221_227_partial.mjs	7	1494	a1da034f0b8ff34c7f22d02f975c086a987f7f924c807a8d1b315e98d5ac75b6
experiments/nyt-beta-0p001-coverage-2026-09-14/scripts/kernel_grade_228_232.mjs	7	1653	39789fcaece05d3d370ab1ef9748c361d16445524b4ca486595d90af4741c446
experiments/nyt-beta-0p001-coverage-2026-09-14/scripts/kernel_grade_233_235.mjs	5	977	bd9dbbab3e3b02527dae7fb9123c033a99c3ac18b3d968cbb41e1fd2124eaf50
experiments/nyt-beta-0p001-coverage-2026-09-14/scripts/kernel_grade_236_240.mjs	7	1411	5a6a8d76727c83ecd1a7bad9c42419231f970d12dfa9e44d49bb03ac19feb064
experiments/nyt-beta-0p001-coverage-2026-09-14/scripts/kernel_grade_241_245.mjs	7	1298	05db0ea86e085557ab9c321849d718f53c8138da7e3f5d62bb96689c34597420
experiments/nyt-beta-0p001-coverage-2026-09-14/scripts/kernel_grade_246_250.mjs	7	1531	90b4a78cce027253102c9654967faa72d848516c3f6c8c0340f7a0fa33df4c82
experiments/nyt-beta-0p001-coverage-2026-09-14/scripts/kernel_grade_251_255.mjs	7	1770	51d4689b844cdf969024f1e5ec606e062c08291401443668347d5837c5508e5a
experiments/nyt-beta-0p001-coverage-2026-09-14/scripts/kernel_grade_256_260.mjs	7	1803	d95e5b9e0f00ba73d486187123a759dcd6d6f9ec5632a7ffcfa663d4b18e9c46
experiments/nyt-beta-0p001-coverage-2026-09-14/scripts/kernel_grade_261_265.mjs	7	1445	d791b3aa8006a1c87c1647e5c7f2e05823a7e7fccb15a3bb17882a901b453cfd
experiments/nyt-beta-0p001-coverage-2026-09-14/scripts/kernel_grade_266_270.mjs	6	1579	90d772e6357e8459bc2042c96464a7c231db716e53e49aa19a3793815d027396
experiments/nyt-beta-0p001-coverage-2026-09-14/scripts/kernel_grade_271_276_partial.mjs	6	1758	a2e1bb26e267595ef805771247de2d60d1df5daa413f4105b91ea4d3534de5b5
experiments/nyt-beta-0p001-coverage-2026-09-14/scripts/kernel_grade_274_277_resolved.mjs	3	570	216266b098352cba8f2fde126e3a9ff87d6843319c1341bfb5170307deb34639
experiments/nyt-beta-0p001-coverage-2026-09-14/scripts/kernel_grade_278_282.mjs	6	1500	5c9e881e2f8c6aebef59ede055e0cfed8d83d8a3ed00e8c93efae89e33723e88
experiments/nyt-beta-0p001-coverage-2026-09-14/scripts/kernel_latent12_grade_161_165.mjs	6	2020	645b251060965524b4e726a5e0a8be6f975892a68075918c2a0521532826e357
experiments/nyt-beta-0p001-coverage-2026-09-14/scripts/kernel_latent12_grade_166_170.mjs	6	1856	a87f9e6412890325f35731985ed40d766a616f6cb8b4e2119ab3f2782d8a1bfa
experiments/nyt-beta-0p001-coverage-2026-09-14/scripts/kernel_latent12_grade_171_175.mjs	6	2543	fedb22ffe71c3d15ddc44915e75e1bfd37f2aad9445933b3616b84da5fab5362
experiments/nyt-beta-0p001-coverage-2026-09-14/scripts/kernel_latent12_grade_176_180.mjs	6	1970	2b64d3a27b7631fd6679db3a93d83fe9387c8b5cac1a587e2a5ed7ecf3c45384
experiments/nyt-beta-0p001-coverage-2026-09-14/scripts/kernel_latent12_grade_181_185.mjs	6	2256	03720a6bea664b19afdbe1f443108b807dabda4a51ff8e774aa94f66e8475cd2
experiments/nyt-beta-0p001-coverage-2026-09-14/scripts/kernel_latent12_grade_186_190.mjs	6	1990	7110277812cddb9af33c806b3845d9dc27c123a4f1c52c9a616e5230abaefcc0
experiments/nyt-beta-0p001-coverage-2026-09-14/scripts/kernel_latent12_grade_191_195_partial.mjs	5	2560	56e1162e41758e7a5a867e9c40c9606214d85d654121825f9b4fb8e7b28c2420
experiments/nyt-beta-0p001-coverage-2026-09-14/scripts/kernel_latent12_grade_192_196_200.mjs	7	2558	ae225691b65e0e4fff5a05c2bfcb4ebbec3afb13ded01dc941675fae7f3ddc9f
experiments/nyt-beta-0p001-coverage-2026-09-14/scripts/kernel_latent12_grade_201_205.mjs	6	2248	36e5305ced4432557805209a4f7036e56ab5d5e820355a329f5df363e1d908c3
experiments/nyt-beta-0p001-coverage-2026-09-14/scripts/kernel_latent12_grade_251_255.mjs	6	1537	4c699299922d043348c9b26e2760f1fa6bdc68ddadcd221a3148cb1c35317efc
experiments/nyt-beta-0p001-coverage-2026-09-14/scripts/kernel_latent12_grade_256_260.mjs	6	1782	2b21a956f345d49ea782cb856403bc9a96602011f590204da9504797b0c59303
experiments/nyt-beta-0p001-coverage-2026-09-14/scripts/kernel_latent12_grade_261_271_275.mjs	7	2066	62076c71951a26851db53d1f820392e4d3e6be12375886e82cbbe9428a113f11
experiments/nyt-beta-0p001-coverage-2026-09-14/scripts/kernel_latent12_grade_262_265.mjs	5	2503	7ef1f259227ae249e33052b8f778859c3d7d21ece57038a9443a8462fda94197
experiments/nyt-beta-0p001-coverage-2026-09-14/scripts/kernel_latent12_grade_266_270.mjs	6	1496	7eb0b525a8883ea9d88a4d5c5221406089c6c67ffdc21b7ba83310b9a1c33687
experiments/nyt-beta-0p001-coverage-2026-09-14/scripts/kernel_latent12_grade_276_280.mjs	6	1923	1916fdae7020bffa87f8688622c30de3fb250de64cb265101e9d80da38ca81bc
experiments/nyt-beta-0p001-coverage-2026-09-14/scripts/kernel_latent12_grade_281_285.mjs	6	1801	36fb638d97b25a870287444d4fc23877f223f8a514573dff06a80b463da98428
experiments/nyt-beta-0p001-coverage-2026-09-14/scripts/kernel_latent12_grade_286_290.mjs	6	3047	df295b0fb3022973e9859619818393566527bf610a8f087c1b5979463bab5f3a
experiments/nyt-beta-0p001-coverage-2026-09-14/scripts/root_grade_106_115.mjs	11	4047	24aeeafb1e9535448dab23a7d6c4181a892bc41a2878cd8b3202be3f417cc2ae
experiments/nyt-beta-0p001-coverage-2026-09-14/scripts/root_grade_116_128.mjs	23	6163	b7593439e513a221f2651bf39f6f006030dda6ceb3a39b82edd7980d69a486fb
experiments/nyt-beta-0p001-coverage-2026-09-14/scripts/root_grade_129_140.mjs	13	5277	4fcc86650dca11346a40e5ead781ccad6af9b8b05aaa485f18878208e36393ba
experiments/nyt-beta-0p001-coverage-2026-09-14/scripts/root_grade_136_314.mjs	3	784	0e3df94e1f0fcd6636be304343da694506c9cf93a9e294967bd4ce2f62e6e589
experiments/nyt-beta-0p001-coverage-2026-09-14/scripts/root_grade_142_152.mjs	12	4038	772f24672aafccd2fe5d94db92ffcda628429f706676bea2180a06f7348c0bca
experiments/nyt-beta-0p001-coverage-2026-09-14/scripts/root_grade_153_165.mjs	14	5224	f633577a2ff833c08dc39ec53d571772c941ed02ab85df56e366e0ea16ae0411
experiments/nyt-beta-0p001-coverage-2026-09-14/scripts/root_grade_166_178.mjs	14	4165	11d82851349c7315ac69b4725bf44a51a40e1c47839b87f88b62ef689fd74170
experiments/nyt-beta-0p001-coverage-2026-09-14/scripts/root_grade_179_190_and346.mjs	14	5288	0161c944ae8f815692906a8f2a7a7f0053a4593ee95b0fe36303c98a0353dade
experiments/nyt-beta-0p001-coverage-2026-09-14/scripts/root_grade_17_193.mjs	8	1890	6c1820729d81c6138d47ff5e5040831a274ef024ef00d4c39f00ffca542b6dd5
experiments/nyt-beta-0p001-coverage-2026-09-14/scripts/root_grade_191_204_partial.mjs	13	3467	7349b43c8f570e336d91b58d64d438e573c059484835d52f84ac8f018cc89af2
experiments/nyt-beta-0p001-coverage-2026-09-14/scripts/root_grade_191_220_rest.mjs	33	9096	9374a162620c6241aa6ba7f4c992c55adc1eccf488a4e974645b3634e9209707
experiments/nyt-beta-0p001-coverage-2026-09-14/scripts/root_grade_21_25.mjs	7	2475	0846a3f013e55f0c49cb7696b6b1b154433e504943fb4b8badc68a3e80420922
experiments/nyt-beta-0p001-coverage-2026-09-14/scripts/root_grade_221_233_partial.mjs	12	3535	dc0f8caa7108277a23caa4d117768c4e701bed2f4548fa17fcc809331290ebc1
experiments/nyt-beta-0p001-coverage-2026-09-14/scripts/root_grade_234_245_and118_210.mjs	20	5362	8aa05d6b21285f0ab8f4bfba65d17bb0b4e781348aeb4ebce1594de284edbc28
experiments/nyt-beta-0p001-coverage-2026-09-14/scripts/root_grade_246_258_partial.mjs	12	3516	4fc113fd56344a74d34a287177ae8341df5630df651ee6e2d41e29dcfb0028b1
experiments/nyt-beta-0p001-coverage-2026-09-14/scripts/root_grade_259_270.mjs	13	4106	590e95c8ecd0b770917e13157bf3dd2dd6c4115a07749345e7e92879ad65607e
experiments/nyt-beta-0p001-coverage-2026-09-14/scripts/root_grade_26_30.mjs	6	3350	648036a8c3428c5ab56baa62d859ad8f69cb8338c6d792edd2ea97576dce7df7
experiments/nyt-beta-0p001-coverage-2026-09-14/scripts/root_grade_271_287_partial.mjs	16	4439	f79f937aa03616ed7ab4a1ecf435fbb1930467fffa5600f6d909ca0e5815a6d6
experiments/nyt-beta-0p001-coverage-2026-09-14/scripts/root_grade_31_35.mjs	6	2267	529cc01719d5468d1bdb3d9ce1f212f0ed6bf734c099fba0e2dd1d9c27557c52
experiments/nyt-beta-0p001-coverage-2026-09-14/scripts/root_grade_36_45.mjs	11	5552	c5e72d0e30c1ae2a86e4c25f2973f05b1fadf9a5d4e8cf8d336c7f88d8718157
experiments/nyt-beta-0p001-coverage-2026-09-14/scripts/root_grade_46_55.mjs	11	4801	0fae1292d841397df113bb2e412f138df95660a1938a2b3024d2e76c28104c61
experiments/nyt-beta-0p001-coverage-2026-09-14/scripts/root_grade_56_65.mjs	11	5479	65db7a00c6e60f6302e3abd00a174d49b8841a5c367753de3823c2cc5df7e402
experiments/nyt-beta-0p001-coverage-2026-09-14/scripts/root_grade_66_75.mjs	11	4026	941b61ac37f7ca6119b27ab23c19e76a7f9a02912a292d323739055836bdfe2b
experiments/nyt-beta-0p001-coverage-2026-09-14/scripts/root_grade_76_85.mjs	11	5140	df88011fc9f45b5b09b649d1f02d37e6d0f7fc76bfb36201727a6d0d8363ed79
experiments/nyt-beta-0p001-coverage-2026-09-14/scripts/root_grade_86_95.mjs	11	4178	f2d8a5a1740743dd688f7934cb563fe9c3a145e1eb24d26c0944f23d931f70b9
experiments/nyt-beta-0p001-coverage-2026-09-14/scripts/root_grade_96_105.mjs	11	4131	862339ac292ce2b50f8857d42888441720dbb3b95504296284ff6f3f3e7d22be
experiments/nyt-beta-0p001-coverage-2026-09-14/scripts/root_latent12_grade_206_220.mjs	16	5076	149e6cc24d1098e0761f47d7e0211fee524f84c5b6c2bda9603808c681f1400c
experiments/nyt-beta-0p001-coverage-2026-09-14/scripts/root_latent12_grade_221_235.mjs	16	7192	765a1531486255af7289666da01396d991bef7dd761c50d145e1e5f3bd12d406
experiments/nyt-beta-0p001-coverage-2026-09-14/scripts/root_latent12_grade_236_250.mjs	16	6439	ddb202e9cd8ee5230ae8cc27c1ca196642693f5a440a74fb88ffe419a77c1456
